{
  "semester": 1,
  "units": [
    {
      "difficulty": 0,
      "unit": {
        "id": "sound_script",
        "name": "Sound & Script",
        "chapters": []
      }
    },
    {
      "difficulty": 1,
      "unit": {
        "id": "unit_1",
        "name": "Unit 1",
        "chapters": []
      }
    },
    {
      "difficulty": 2,
      "unit": {
        "id": "unit_2",
        "name": "Unit 2",
        "chapters": []
      }
    },
    {
      "difficulty": 3,
      "unit": {
        "id": "unit_3",
        "name": "Unit 3",
        "chapters": []
      }
    }
  ]
}